Afirmación,"18-34, nacidos en Canarias","18-34, nacidos fuera","55 y más, nacidos en Canarias","55 y más, nacidos fuera"
Ha sido muy beneficioso para la isla,48.9,59.3,66.3,67.8
Se debe seguir potenciando,41.9,66.4,71.8,72.7
Sus beneficios superan a sus costes,34.8,52.3,53.2,62.7
Contribuye al desarrollo económico,66.8,78.2,79.6,76.8
Aumenta la calidad de vida,22.6,40.7,57.4,64.4
Ayuda a mantener la identidad y la cultura,30.1,46.1,44.6,57.5
Provoca cambios de residencia no deseados,73.1,67.6,54.4,65.3
Causa daños irreparables a los ecosistemas,71.5,56.0,54.2,46.9
Ayuda a conservar los espacios naturales,18.5,20.3,47.7,43.3
Provoca tensiones entre residentes y turistas,58.8,54.9,35.8,43.5
Encarece la vivienda,87.8,85.3,68.7,74.6
Los turistas deben pagar una tasa,55.4,48.1,38.5,37.8
Regulación de la vivienda vacacional más estricta,72.8,64.3,60.5,62.8
