Afirmación,Total,18-34 años,35-54 años,55 y más,Brecha (puntos)
Provoca tensiones entre residentes y turistas,43.4,58.8,47.0,31.3,27.5
Perjudica el tráfico y la movilidad,58.8,74.5,61.0,47.7,26.8
Causa daños irreparables a los ecosistemas,53.1,67.9,56.5,41.6,26.3
Provoca cambios de residencia de la población local,62.8,75.2,65.7,53.2,22.0
Encarece el coste de la vida,64.0,75.7,65.6,55.9,19.8
"Consume agua, energía o suelo en detrimento de los residentes",58.6,66.2,62.2,51.0,15.2
Los turistas deben pagar una tasa por noche,49.7,58.0,51.3,43.7,14.3
Genera demasiados residuos y contaminación,61.0,69.0,63.1,54.7,14.3
Colapsa los servicios sanitarios,42.8,49.8,43.8,38.0,11.8
Encarece el precio de la vivienda,77.1,83.5,78.7,72.0,11.5
La regulación de la vivienda vacacional debe ser más estricta,51.7,57.6,53.6,46.7,10.9
Genera empleo precario,63.4,66.8,61.4,63.3,3.5
Ha sido muy beneficioso para la isla,67.9,58.7,67.5,73.5,-14.8
Contribuye al desarrollo económico,77.3,67.2,79.3,81.2,-14.0
Sus beneficios son muy superiores a sus costes,45.7,36.4,47.0,49.8,-13.4
Mejora los servicios de mi comarca,37.3,28.8,36.0,43.4,-14.6
Tiene prácticas sostenibles,24.6,18.5,23.3,29.2,-10.7
Ayuda a conservar los espacios naturales,29.3,17.3,28.4,36.9,-19.6
Se debe seguir potenciando como motor de la economía,62.8,48.2,62.8,71.0,-22.8
Aumenta la calidad de vida de los residentes,38.9,27.2,33.0,50.9,-23.7
Ayuda a mejorar las infraestructuras,51.9,38.7,47.7,63.1,-24.4
