Mes,Canarias (€/L),Península y Baleares (€/L),Diferencia (€/L)
2016-01,0.5742,0.4650,0.1092
2016-02,0.5448,0.4347,0.1102
2016-03,0.5477,0.4631,0.0845
2016-04,0.5739,0.4919,0.0820
2016-05,0.6000,0.5136,0.0863
2016-06,0.6287,0.5243,0.1044
2016-07,0.6212,0.4981,0.1231
2016-08,0.6018,0.4874,0.1144
2016-09,0.6098,0.5013,0.1085
2016-10,0.6216,0.5239,0.0977
2016-11,0.6245,0.5113,0.1132
2016-12,0.6418,0.5495,0.0923
2017-01,0.6671,0.5739,0.0931
2017-02,0.6768,0.5797,0.0971
2017-03,0.6748,0.5589,0.1159
2017-04,0.6719,0.5751,0.0968
2017-05,0.6659,0.5488,0.1172
2017-06,0.6557,0.5245,0.1312
2017-07,0.6360,0.5171,0.1188
2017-08,0.6393,0.5291,0.1101
2017-09,0.6512,0.5480,0.1032
2017-10,0.6544,0.5417,0.1127
2017-11,0.6681,0.5672,0.1008
2017-12,0.6676,0.5683,0.0993
2018-01,0.6784,0.5819,0.0965
2018-02,0.6830,0.5677,0.1152
2018-03,0.6724,0.5626,0.1098
2018-04,0.6876,0.5914,0.0962
2018-05,0.7244,0.6321,0.0923
2018-06,0.7561,0.6420,0.1141
2018-07,0.7636,0.6380,0.1256
2018-08,0.7669,0.6433,0.1237
2018-09,0.7739,0.6497,0.1242
2018-10,0.7814,0.6584,0.1230
2018-11,0.7743,0.6146,0.1597
2018-12,0.7469,0.5407,0.2062
2019-01,0.7232,0.5301,0.1931
2019-02,0.7171,0.5594,0.1576
2019-03,0.7193,0.5858,0.1335
2019-04,0.7255,0.6368,0.0887
2019-05,0.7352,0.6549,0.0803
2019-06,0.7362,0.6201,0.1162
2019-07,0.7312,0.6281,0.1031
2019-08,0.7267,0.6222,0.1045
2019-09,0.7259,0.6182,0.1077
2019-10,0.7299,0.6121,0.1179
2019-11,0.7308,0.6085,0.1223
2019-12,0.7461,0.6150,0.1312
2020-01,0.7638,0.6256,0.1381
2020-02,0.7570,0.6078,0.1493
2020-03,0.7284,0.5341,0.1943
2020-04,0.6709,0.4470,0.2239
2020-05,0.6560,0.4294,0.2266
2020-06,0.6647,0.4642,0.2005
2020-07,0.6712,0.4947,0.1765
2020-08,0.6653,0.4973,0.1680
2020-09,0.6582,0.4969,0.1613
2020-10,0.6463,0.4915,0.1548
2020-11,0.6340,0.4880,0.1460
2020-12,0.6354,0.5121,0.1233
2021-01,0.6455,0.5378,0.1077
2021-02,0.6595,0.5747,0.0848
2021-03,0.6893,0.6182,0.0711
2021-04,0.7254,0.6269,0.0985
2021-05,0.7451,0.6493,0.0958
2021-06,0.7659,0.6692,0.0967
2021-07,0.7914,0.6965,0.0948
2021-08,0.8087,0.7063,0.1024
2021-09,0.8190,0.7194,0.0996
2021-10,0.8483,0.7605,0.0878
2021-11,0.8772,0.7834,0.0938
2021-12,0.8820,0.7561,0.1260
2022-01,0.8951,0.7829,0.1122
2022-02,0.9279,0.8440,0.0839
2022-03,1.0906,1.0152,0.0754
2022-04,1.1675,1.0257,0.1417
2022-05,1.1965,1.1215,0.0751
2022-06,1.2954,1.2817,0.0137
2022-07,1.3247,1.1920,0.1327
2022-08,1.2379,1.0302,0.2077
2022-09,1.1877,0.9534,0.2343
2022-10,1.1580,0.9739,0.1841
2022-11,1.1445,0.9879,0.1567
2022-12,1.0794,0.8631,0.2162
2023-01,1.0415,0.8841,0.1575
2023-02,1.0292,0.8884,0.1408
2023-03,1.0020,0.8864,0.1156
2023-04,0.9969,0.8890,0.1079
2023-05,0.9763,0.8451,0.1312
2023-06,0.9542,0.8524,0.1018
2023-07,0.9369,0.8679,0.0690
2023-08,0.9750,0.9432,0.0318
2023-09,1.0248,0.9788,0.0460
2023-10,1.0498,0.9227,0.1271
2023-11,1.0320,0.8607,0.1713
2023-12,1.0017,0.8099,0.1917
2024-01,0.9814,0.8069,0.1745
2024-02,0.9874,0.8472,0.1402
2024-03,0.9994,0.8785,0.1209
2024-04,1.0264,0.9213,0.1052
2024-05,1.0301,0.9079,0.1222
2024-06,1.0102,0.8738,0.1365
2024-07,0.9965,0.8721,0.1244
2024-08,0.9710,0.8384,0.1326
2024-09,0.9433,0.7764,0.1670
2024-10,0.9286,0.7723,0.1563
2024-11,0.9227,0.7801,0.1425
2024-12,0.9196,0.7907,0.1289
2025-01,0.9319,0.8265,0.1054
2025-02,0.9472,0.8324,0.1148
2025-03,0.9409,0.7920,0.1489
2025-04,0.9078,0.7647,0.1430
2025-05,0.8659,0.7389,0.1270
2025-06,0.8608,0.7539,0.1069
2025-07,0.8608,0.7657,0.0950
2025-08,0.8531,0.7572,0.0959
2025-09,0.8489,0.7590,0.0899
2025-10,0.8543,0.7499,0.1043
2025-11,0.8594,0.7593,0.1000
2025-12,0.8771,0.7397,0.1374
2026-01,0.8662,0.7261,0.1401
2026-02,0.8687,0.7479,0.1208
2026-03,1.0073,0.9660,0.0413
2026-04,1.1610,1.0398,0.1213
2026-05,1.1817,1.0585,0.1232
2026-06,1.1484,0.9930,0.1554
2026-07,1.1146,0.9967,0.1179
2026-08,1.1572,1.0517,0.1055
2026-09,1.2019,1.1330,0.0689
